{
  "U1_weights": {
    "road_density": 0.0751667121334271,
    "walk_accessibility": 0.042672095508679696,
    "metro_line_density": 0.06577672587864031,
    "station_count": 0.35930064143592594,
    "line_count": 0.45708382504332695
  },
  "U2_weights": {
    "population_density": 0.12600164714827508,
    "poi_density": 0.2796711064322314,
    "poi_diversity": 0.1672410692405565,
    "gdp_density": 0.427086177178937
  }
}