{
  "U1_weights": {
    "road_density": 0.051229389498026565,
    "walk_accessibility": 0.052135435176503965,
    "metro_line_density": 0.06078268203811376,
    "station_count": 0.3441660176907725,
    "line_count": 0.49168647559658324
  },
  "U2_weights": {
    "population_density": 0.07377782659054473,
    "poi_density": 0.2534917695670023,
    "poi_diversity": 0.18564430055823322,
    "gdp_density": 0.48708610328421975
  }
}