{
  "U1_weights": {
    "road_density": 0.07323243462010136,
    "walk_accessibility": 0.09023386897921672,
    "metro_line_density": 0.06615338822045176,
    "station_count": 0.34818158288147827,
    "line_count": 0.4221987252987519
  },
  "U2_weights": {
    "population_density": 0.4595029104467073,
    "poi_density": 2.3482845239540777e-15,
    "poi_diversity": 2.3482845239540777e-15,
    "gdp_density": 0.540497089553288
  }
}