{
  "U1_weights": {
    "road_density": 0.11306136066809375,
    "walk_accessibility": 0.08947289654666052,
    "metro_line_density": 0.1407041241725974,
    "station_count": 0.17650126286225454,
    "line_count": 0.4802603557503938
  },
  "U2_weights": {
    "population_density": 0.13450598590786614,
    "poi_density": 0.0,
    "poi_diversity": 0.0,
    "gdp_density": 0.8654940140921339
  }
}