{
  "U1_weights": {
    "road_density": 0.07405417591867387,
    "walk_accessibility": 0.05922200049309431,
    "metro_line_density": 0.07137177403660845,
    "station_count": 0.22288586257544377,
    "line_count": 0.5724661869761796
  },
  "U2_weights": {
    "population_density": 0.16695466185784502,
    "poi_density": 0.36665414328176177,
    "poi_diversity": 0.3377252173654998,
    "gdp_density": 0.12866597749489336
  }
}