{
  "U1_weights": {
    "road_density": 0.08178132773480198,
    "walk_accessibility": 0.05572362753604558,
    "metro_line_density": 0.14132380541612893,
    "station_count": 0.2745807767243344,
    "line_count": 0.4465904625886891
  },
  "U2_weights": {
    "population_density": 0.11841033029226884,
    "poi_density": 0.25021129244314144,
    "poi_diversity": 0.26716876819451224,
    "gdp_density": 0.3642096090700775
  }
}