{
  "U1_weights": {
    "road_density": 0.06215092760884065,
    "walk_accessibility": 0.05059133873182721,
    "metro_line_density": 0.13633320705233412,
    "station_count": 0.26899895522876527,
    "line_count": 0.4819255713782327
  },
  "U2_weights": {
    "population_density": 0.12050024400242017,
    "poi_density": 0.25643923358932236,
    "poi_diversity": 0.21078879338973133,
    "gdp_density": 0.41227172901852616
  }
}