{
  "U1_weights": {
    "road_density": 0.07405417591867387,
    "walk_accessibility": 0.05922200049309431,
    "metro_line_density": 0.07137177403660845,
    "station_count": 0.22288586257544377,
    "line_count": 0.5724661869761796
  },
  "U2_weights": {
    "population_density": 0.21586858988689878,
    "poi_density": 0.25120023706845673,
    "poi_diversity": 0.362849023972679,
    "gdp_density": 0.17008214907196553
  }
}