{
  "U1_weights": {
    "road_density": 0.09036772368323728,
    "walk_accessibility": 0.05690191620675092,
    "metro_line_density": 0.07151769005508295,
    "station_count": 0.34129007977297904,
    "line_count": 0.4399225902819498
  },
  "U2_weights": {
    "population_density": 0.10779346755346494,
    "poi_density": 0.37593269934226786,
    "poi_diversity": 0.2147279968318103,
    "gdp_density": 0.3015458362724569
  }
}